EAST,B0L000,PB1-L008
EAST,B0L001,PB1-L005
EAST,B0L002,PB1-L031
EAST,B0L003,PB1-L013
EAST,B0L004,PB1-L027
EAST,B0L005,PB1-L009
WEST,B0L006,PB1-L034
WEST,B0L007,PB1-L020
WEST,B0L008,PB1-L017
WEST,B0L009,PB1-L010
WEST,B0L010,PB1-L006
WEST,B0L011,PB1-L021
EAST,B0L100,PB1-L033
EAST,B0L101,PB1-L026
EAST,B0L102,PB1-L022
EAST,B0L103,PB1-L014
EAST,B0L104,PB1-L011
EAST,B0L105,PB1-L001
WEST,B0L106,PB1-L016
WEST,B0L107,PB1-L015
WEST,B0L108,PB1-L032
WEST,B0L109,PB1-L023
WEST,B0L110,PB1-L028
WEST,B0L111,PB1-L024
EAST,B1L000,PB2-L016
EAST,B1L001,PB2-L020
EAST,B1L002,PB2-L034
EAST,B1L003,PB2-L049
EAST,B1L004,PB2-L045
EAST,B1L005,PB2-L001
EAST,B1L006,PB2-L018
EAST,B1L007,PB2-L026
WEST,B1L008,PB2-L027
WEST,B1L009,PB2-L011
WEST,B1L010,PB2-L031
WEST,B1L011,PB2-L008
WEST,B1L012,PB2-L009
WEST,B1L013,PB2-L038
WEST,B1L014,PB2-L032
WEST,B1L015,PB2-L030
EAST,B1L100,PB2-L010
EAST,B1L101,PB2-L015
EAST,B1L102,PB2-L022
EAST,B1L103,PB2-L050
EAST,B1L104,PB2-L039
EAST,B1L105,PB2-L048
EAST,B1L106,PB2-L036
EAST,B1L107,PB2-L041
WEST,B1L108,PB2-L037
WEST,B1L109,PB2-L006
WEST,B1L110,PB2-L021
WEST,B1L111,PB2-L025
WEST,B1L112,PB2-L023
WEST,B1L113,PB2-L012
WEST,B1L114,PB2-L007
WEST,B1L115,PB2-L017